payment_id,order_id,amount,currency,status,captured_at,customer_id
pay_1000,order_1000,1000.00,INR,captured,2026-08-03T10:00:00+05:30,cust_200
pay_1001,order_1001,1013.73,INR,captured,2026-08-03T11:00:00+05:30,cust_201
pay_1002,order_1002,1027.46,INR,captured,2026-08-03T12:00:00+05:30,cust_202
pay_1003,order_1003,1041.19,INR,captured,2026-08-03T13:00:00+05:30,cust_203
pay_1004,order_1004,1054.92,INR,captured,2026-08-03T14:00:00+05:30,cust_204
pay_1005,order_1005,1068.65,INR,captured,2026-08-03T15:00:00+05:30,cust_205
pay_1006,order_1006,1082.38,INR,captured,2026-08-03T16:00:00+05:30,cust_206
pay_1007,order_1007,1096.11,INR,captured,2026-08-03T17:00:00+05:30,cust_207
pay_1008,order_1008,1109.84,INR,captured,2026-08-03T18:00:00+05:30,cust_208
pay_1009,order_1009,1123.57,INR,captured,2026-08-03T19:00:00+05:30,cust_209
pay_1010,order_1010,1137.30,INR,captured,2026-08-03T20:00:00+05:30,cust_210
pay_1011,order_1011,1151.03,INR,captured,2026-08-03T21:00:00+05:30,cust_211
pay_1012,order_1012,1164.76,INR,captured,2026-08-03T22:00:00+05:30,cust_212
pay_1013,order_1013,1178.49,INR,captured,2026-08-03T23:00:00+05:30,cust_213
pay_1014,order_1014,1192.22,INR,captured,2026-08-04T00:00:00+05:30,cust_214
pay_1015,order_1015,1205.95,INR,captured,2026-08-04T01:00:00+05:30,cust_215
pay_1016,order_1016,1219.68,INR,captured,2026-08-04T02:00:00+05:30,cust_216
pay_1017,order_1017,1233.41,INR,captured,2026-08-04T03:00:00+05:30,cust_217
pay_1018,order_1018,1247.14,INR,captured,2026-08-04T04:00:00+05:30,cust_218
pay_1019,order_1019,1260.87,INR,captured,2026-08-04T05:00:00+05:30,cust_219
pay_1020,order_1020,1274.60,INR,captured,2026-08-04T06:00:00+05:30,cust_220
pay_1021,order_1021,1288.33,INR,captured,2026-08-04T07:00:00+05:30,cust_221
pay_1022,order_1022,1302.06,INR,captured,2026-08-04T08:00:00+05:30,cust_222
pay_1023,order_1023,1315.79,INR,captured,2026-08-04T09:00:00+05:30,cust_223
pay_1024,order_1024,1329.52,INR,captured,2026-08-04T10:00:00+05:30,cust_224
pay_1025,order_1025,1343.25,INR,captured,2026-08-04T11:00:00+05:30,cust_225
pay_1026,order_1026,1356.98,INR,captured,2026-08-04T12:00:00+05:30,cust_226
pay_1027,order_1027,1370.71,INR,captured,2026-08-04T13:00:00+05:30,cust_227
pay_1028,order_1028,1384.44,INR,captured,2026-08-04T14:00:00+05:30,cust_228
pay_1029,order_1029,1398.17,INR,captured,2026-08-04T15:00:00+05:30,cust_229
pay_1030,order_1030,1411.90,INR,captured,2026-08-04T16:00:00+05:30,cust_230
pay_1031,order_1031,1425.63,INR,captured,2026-08-04T17:00:00+05:30,cust_231
pay_1032,order_1032,1439.36,INR,captured,2026-08-04T18:00:00+05:30,cust_232
pay_1033,order_1033,1453.09,INR,captured,2026-08-04T19:00:00+05:30,cust_233
pay_1034,order_1034,1466.82,INR,captured,2026-08-04T20:00:00+05:30,cust_234
pay_1035,order_1035,1480.55,INR,captured,2026-08-04T21:00:00+05:30,cust_235
pay_1036,order_1036,1494.28,INR,captured,2026-08-04T22:00:00+05:30,cust_236
pay_1037,order_1037,1508.01,INR,captured,2026-08-04T23:00:00+05:30,cust_237
pay_1038,order_1038,1521.74,INR,captured,2026-08-05T00:00:00+05:30,cust_238
pay_1039,order_1039,1535.47,INR,captured,2026-08-05T01:00:00+05:30,cust_239
pay_1040,order_1040,1549.20,INR,captured,2026-08-05T02:00:00+05:30,cust_200
pay_1041,order_1041,1562.93,INR,captured,2026-08-05T03:00:00+05:30,cust_201
pay_1042,order_1042,1576.66,INR,captured,2026-08-05T04:00:00+05:30,cust_202
pay_1043,order_1043,1590.39,INR,captured,2026-08-05T05:00:00+05:30,cust_203
pay_1044,order_1044,1604.12,INR,captured,2026-08-05T06:00:00+05:30,cust_204
pay_1045,order_1045,1617.85,INR,captured,2026-08-05T07:00:00+05:30,cust_205
pay_1046,order_1046,1631.58,INR,captured,2026-08-05T08:00:00+05:30,cust_206
pay_1047,order_1047,1645.31,INR,captured,2026-08-05T09:00:00+05:30,cust_207
pay_1048,order_1048,1659.04,INR,captured,2026-08-05T10:00:00+05:30,cust_208
pay_1049,order_1049,1672.77,INR,captured,2026-08-05T11:00:00+05:30,cust_209
pay_1050,order_1050,1686.50,INR,captured,2026-08-05T12:00:00+05:30,cust_210
pay_1051,order_1051,1700.23,INR,captured,2026-08-05T13:00:00+05:30,cust_211
pay_1052,order_1052,1713.96,INR,captured,2026-08-05T14:00:00+05:30,cust_212
pay_1053,order_1053,1727.69,INR,captured,2026-08-05T15:00:00+05:30,cust_213
pay_1054,order_1054,1741.42,INR,captured,2026-08-05T16:00:00+05:30,cust_214
pay_1055,order_1055,1755.15,INR,captured,2026-08-05T17:00:00+05:30,cust_215
pay_1056,order_1056,1768.88,INR,captured,2026-08-05T18:00:00+05:30,cust_216
pay_1057,order_1057,1782.61,INR,captured,2026-08-05T19:00:00+05:30,cust_217
pay_1058,order_1058,1796.34,INR,captured,2026-08-05T20:00:00+05:30,cust_218
pay_1059,order_1059,1810.07,INR,captured,2026-08-05T21:00:00+05:30,cust_219
pay_1060,order_1060,1823.80,INR,captured,2026-08-05T22:00:00+05:30,cust_220
pay_1061,order_1061,1837.53,INR,captured,2026-08-05T23:00:00+05:30,cust_221
pay_1062,order_1062,1851.26,INR,captured,2026-08-06T00:00:00+05:30,cust_222
pay_1063,order_1063,1864.99,INR,captured,2026-08-06T01:00:00+05:30,cust_223
pay_1064,order_1064,1878.72,INR,captured,2026-08-06T02:00:00+05:30,cust_224
pay_1065,order_1065,1892.45,INR,captured,2026-08-06T03:00:00+05:30,cust_225
pay_1066,order_1066,1906.18,INR,captured,2026-08-06T04:00:00+05:30,cust_226
pay_1067,order_1067,1919.91,INR,captured,2026-08-06T05:00:00+05:30,cust_227
pay_1068,order_1068,1933.64,INR,captured,2026-08-06T06:00:00+05:30,cust_228
pay_1069,order_1069,1947.37,INR,captured,2026-08-06T07:00:00+05:30,cust_229
pay_1070,order_1070,1961.10,INR,captured,2026-08-06T08:00:00+05:30,cust_230
pay_1071,order_1071,1974.83,INR,captured,2026-08-06T09:00:00+05:30,cust_231
pay_1072,order_1072,1988.56,INR,captured,2026-08-06T10:00:00+05:30,cust_232
pay_1073,order_1073,2002.29,INR,captured,2026-08-06T11:00:00+05:30,cust_233
pay_1074,order_1074,2016.02,INR,captured,2026-08-06T12:00:00+05:30,cust_234
pay_1075,order_1075,2029.75,INR,captured,2026-08-06T13:00:00+05:30,cust_235
pay_1076,order_1076,2043.48,INR,captured,2026-08-06T14:00:00+05:30,cust_236
pay_1077,order_1077,2057.21,INR,captured,2026-08-06T15:00:00+05:30,cust_237
pay_1078,order_1078,2070.94,INR,captured,2026-08-06T16:00:00+05:30,cust_238
pay_1079,order_1079,2084.67,INR,captured,2026-08-06T17:00:00+05:30,cust_239
pay_1080,order_1080,2098.40,INR,captured,2026-08-06T18:00:00+05:30,cust_200
pay_1081,order_1081,2112.13,INR,captured,2026-08-06T19:00:00+05:30,cust_201
pay_1082,order_1082,2125.86,INR,captured,2026-08-06T20:00:00+05:30,cust_202
pay_1083,order_1083,2139.59,INR,captured,2026-08-06T21:00:00+05:30,cust_203
pay_1084,order_1084,2153.32,INR,captured,2026-08-06T22:00:00+05:30,cust_204
pay_1085,order_1085,2167.05,INR,captured,2026-08-06T23:00:00+05:30,cust_205
pay_1086,order_1086,2180.78,INR,captured,2026-08-07T00:00:00+05:30,cust_206
pay_1087,order_1087,2194.51,INR,captured,2026-08-07T01:00:00+05:30,cust_207
pay_1088,order_1088,2208.24,INR,captured,2026-08-07T02:00:00+05:30,cust_208
pay_1089,order_1089,2221.97,INR,captured,2026-08-07T03:00:00+05:30,cust_209
pay_1090,order_1090,2235.70,INR,captured,2026-08-07T04:00:00+05:30,cust_210
pay_1091,order_1091,2249.43,INR,captured,2026-08-07T05:00:00+05:30,cust_211
pay_1092,order_1092,2263.16,INR,captured,2026-08-07T06:00:00+05:30,cust_212
pay_1093,order_1093,2276.89,INR,captured,2026-08-07T07:00:00+05:30,cust_213
pay_1094,order_1094,2290.62,INR,captured,2026-08-07T08:00:00+05:30,cust_214
pay_1095,order_1095,2304.35,INR,captured,2026-08-07T09:00:00+05:30,cust_215
pay_1096,order_1096,2318.08,INR,captured,2026-08-07T10:00:00+05:30,cust_216
pay_1097,order_1097,2331.81,INR,captured,2026-08-07T11:00:00+05:30,cust_217
pay_1098,order_1098,2345.54,INR,captured,2026-08-07T12:00:00+05:30,cust_218
pay_1099,order_1099,2359.27,INR,captured,2026-08-07T13:00:00+05:30,cust_219
